product_id,marketplace_id,product_title,title_desc,product_price,list_price,manufacturer,upc,model_name,product_dimensions,product_weight,customer_ratings,average_rating,listing_url,image_url,seller_name,seller_url,status
B00006IE86,,,,,,,,,,,,,,,,,"Uniball Onyx Rollerball Stick Pen 12 Pack, 0.7mm Fine Black Pens, Gel Ink Pens | Office Supplies, Pens, Ballpoint Pen, Colored Pens, Gel Pens, Fine Point, Smooth Writing Pens"
B00006IE8J,,,,,,,,,,,,,,,,,How to return the item?
B00006IE8M,,,,,,,,,,,,,,,,,$5.26
B00006IE87,,,,,,,,,,,,,,,,,"Uniball Onyx Rollerball Stick Pen 12 Pack, 0.7mm Fine Black Pens, Gel Ink Pens | Office Supplies, Pens, Ballpoint Pen, Colored Pens, Gel Pens, Fine Point, Smooth Writing Pens"
B00006IE8H,,,,,,,,,,,,,,,,,"Uniball Vision Rollerball Pens, Black Pens Pack of 4, Micro Point Pens with 0.5mm Micro Black Ink, Ink Black Pen, Pens Fine Point Smooth Writing Pens, Bulk Pens, and Office Supplies"
B00006IE8P,,,,,,,,,,,,,,,,,"Uniball Roller 12 Pack in Black, 0.7mm Medium Rollerball Pens, Try Gel Pens, Colored Pens, Office Supplies, Colorful Pens, Blue Pens Ballpoint, Pens Fine Point Smooth Writing Pens"
B00006IE8K,,,,,,,,,,,,,,,,,"Uniball Vision Rollerball Pens in Blue, Fine 0.7mm Pens | Office Supplies Sold by Uniball are Gel Pens, Colored Pens, Ink Pens, Ballpoint, Pen, Fine Point Pen, Gel Pen"
B00006IE8B,,,,,,,,,,,,,,,,,"Uniball Deluxe Rollerball Pen, 3 Black Pens, 0.7mm Fine Point Roller Pens| Office Supplies, Ink Pens, Colored Pens, Fine Point, Smooth Writing Pens, Ballpoint Pens"
B00006IE8R,,,,,,,,,,,,,,,,,"Uniball Onyx Rollerball Stick Pen 12 Pack, 0.5mm Micro Blue Pens, Gel Ink Pens | Office Supplies, Pens, Ballpoint Pen, Colored Pens, Gel Pens, Fine Point, Smooth Writing Pens"
B00006JNHT,,,,,,,,,,,,,,,,,"
                                    "
B00008D96R,,,,,,,,,,,,,,,,,"
                                    "
B00006IE9I,,,,,,,,,,,,,,,,,"Uniball Vision Elite Rollerball Pens, Black Pens Pack of 12, Bold Pens with 0.8mm Ink, Ink Black Pen, Pens Fine Point Smooth Writing Pens, Bulk Pens, and Office Supplies"
B00006IE9J,,,,,,,,,,,,,,,,,"uni-ball Vision Elite BLX Infusion Rollerball Pens Bold Point, 0.8mm, Blue/Black, 12 Pack"
B00006JNHP,,,,,,,,,,,,,,,,,Delivery
B00008XPO7,,,,,,,,,,,,,,,,,Delivery
B00006JNI3,,,,,,,,,,,,,,,,,"Uniball Signo 207 Impact Stick Gel Pen, 4 Black Pens, 1.0mm Bold Point Gel Pens| Office Supplies by Uni-ball like Ink Pens, Colored Pens, Fine Point, Smooth Writing Pens, Ballpoint Pens"
B00008XPO8,,,,,,,,,,,,,,,,,$17.23
B0002LD1NK,,,,,,,,,,,,,,,,,How to return the item?
B0002LD112,,,,,,,,,,,,,,,,,"uni-ball® 207™ Retractable Fraud Prevention Gel Pens, Medium Point, 0.7 mm, Black Barrels, Assorted Ink Colors, Pack Of 4"
B0002LCVVI,,,,,,,,,,,,,,,,,"Uniball Signo 207 Gel Pen 12 Pack, 1.0mm Bold Black Pens, Gel Ink Pens | Office Supplies Sold by Uniball are Pens, Ballpoint Pen, Colored Pens, Gel Pens, Fine Point, Smooth Writing Pens"
B0006HXIJW,,,,,,,,,,,,,,,,,"Uniball Signo 207 Impact Stick Gel Pen Refill, 2 Black Pen Refills, 1.0mm Bold Point Gel Pens| Office Supplies by Uni-ball like Ink Pens, Colored Pens, Fine Point, Smooth Writing Pens, Ballpoint Pens"
B000E91VIW,,,,,,,,,,,,,,,,,"
                                    "
B0002LD1VC,,,,,,,,,,,,,,,,,"Uniball Signo 207 Gel Pen 3 Pack, 0.7mm Medium Assorted Pens, Gel Ink Pens | Office Supplies Sold by Uniball are Pens, Ballpoint Pen, Colored Pens, Gel Pens, Fine Point, Smooth Writing Pens"
B000BQK57G,,,,,,,,,,,,,,,,,"Uniball Vision Elite Rollerball Pens, Black Pens Pack of 3, Bold Pens with 0.8mm Ink, Ink Black Pen, Pens Fine Point Smooth Writing Pens, Bulk Pens, and Office Supplies"
B000GAXW7M,,,,,,,,,,,,,,,,,"
                                    "
B000K65YNW,,,,,,,,,,,,,,,,,"
                                    "
B000K67KW0,,,,,,,,,,,,,,,,,"
                                    "
B000FD5818,,,,,,,,,,,,,,,,,"Uniball Signo 207+ Gel Pen 6 Pack, 0.7mm Medium Assorted Pens, Gel Ink Pens | Office Supplies Sold by Uniball are Pens, Ballpoint Pen, Colored Pens, Gel Pens, Fine Point, Smooth Writing Pens"
B000KJOJM6,,,,,,,,,,,,,,,,,"
                                    "
B000FDR47E,,,,,,,,,,,,,,,,,$8.68
B000KJOJIK,,,,,,,,,,,,,,,,,"
                                    "
B000JKRC3O,,,,,,,,,,,,,,,,,"Uni-Ball Jetstream Rollerball Pen, 1.0mm, Bold Point, 6-Count (Blue, Bold)"
B000KJPBSC,,,,,,,,,,,,,,,,,"
                                    "
B000KJR9KK,,,,,,,,,,,,,,,,,"
                                    "
B000KJPBSM,,,,,,,,,,,,,,,,,"Uni Jetstream Standard Ballpoint Pen, 0.5 mm, Black Ink, White Body, 6 pens per Pack (Japan Import) [Komainu-Dou Original Package]"
B000KJR90U,,,,,,,,,,,,,,,,,"
                                    "
B000KTAMLI,,,,,,,,,,,,,,,,,"
                                    "
B000KTAMKO,,,,,,,,,,,,,,,,,"
                                    "
B000MQFWSC,,,,,,,,,,,,,,,,,"
                                    "
B000MPK6X4,,,,,,,,,,,,,,,,,"
                                    "
B000NJUP80,,,,,,,,,,,,,,,,,"
                                    "
B000MPK6WU,,,,,,,,,,,,,,,,,"
                                    "
B000OZLFRS,,,,,,,,,,,,,,,,,"
                                    "
B000OZPEYI,,,,,,,,,,,,,,,,,"
                                    "
B000OZPGGE,,,,,,,,,,,,,,,,,"
                                    "
B000QYLCYI,,,,,,,,,,,,,,,,,"
                                    "
B000W9IJO8,,,,,,,,,,,,,,,,,"
                                    "
B000W99Y3S,,,,,,,,,,,,,,,,,"
                                    "
B000SHPA2S,,,,,,,,,,,,,,,,,How to return the item?
B000TK7S5Q,,,,,,,,,,,,,,,,,uni-ball Eye Micro UB-150 Gel Ink Pen - 0.5 mm - Pack of 6 - Green Ink
B000WGWR3U,,,,,,,,,,,,,,,,,"Pentel Arts Slicci Metallic 0.8 mm Needle Tip Gel Pen, Assorted Colors, 3 Pack (BG208BP3M)"
B0013LYXSU,,,,,,,,,,,,,,,,,"
                                    "
B0012YVR1O,,,,,,,,,,,,,,,,,"Uniball Vision Rollerball Pens, Black Pens Pack of 12, Fine Point Pens with 0.7mm Medium Black Ink, Ink Black Pen, Pens Fine Point Smooth Writing Pens, Bulk Pens, and Office Supplies"
B0013M4G6I,,,,,,,,,,,,,,,,,"
                                    "
B000XEFQAM,,,,,,,,,,,,,,,,,"Uniball Vision Rollerball Pens, Fashion Pens Pack of 5, Fine Point Pens with 0.7mm Medium Fashion Ink, Ink Black Pen, Pens Fine Point Smooth Writing Pens, Bulk Pens, and Office Supplies"
B0013CO8XE,,,,,,,,,,,,,,,,,uni-ball 40110 Signo Gel 207 Roller Ball Retractable Gel Pen Assorted Ink Medium 8/Set
B0015ZZW7K,,,,,,,,,,,,,,,,,"
                                    "
B0015ZZ7P2,,,,,,,,,,,,,,,,,"Uniball Signo 207 Gel Pen 12 Pack, 0.7mm Medium Black Pens, Ink Pens | Office Supplies Sold by are Ballpoint Pen, Colored Fine Point, Smooth Writing"
B00161UAJS,,,,,,,,,,,,,,,,,Uni-Ball Signo Broad Point Gel Impact Pen White (2 Pens)
B00177XHPK,,,,,,,,,,,,,,,,,"
                                    "
B00177XHT6,,,,,,,,,,,,,,,,,Uni-Paint Oil Based Paint Marker 5 Pens Bundle Set Multi surface Marking Pen PX-20 Medium Point Black Colour Quik Drying Ink Water and Fade Resistant
B00177ZN6G,,,,,,,,,,,,,,,,,Uni-Ball PX-20 Permanent Marker - Black
B0016P6CUU,,,,,,,,,,,,,,,,,"uni-ball Jetstream RT Retractable Ballpoint Pens Fine Point, 0.7mm, Black, 12 Pack"
B00177ZN2K,,,,,,,,,,,,,,,,,"
                                    "
B001784GFE,,,,,,,,,,,,,,,,,"
                                    "
B0017TGA9S,,,,,,,,,,,,,,,,,"
                                    "
B0017DENUC,,,,,,,,,,,,,,,,,"Uniball Vision Rollerball Pens, Blue Pens Pack of 12, Micro Point Pens with 0.5mm Micro Blue Ink, Ink Black Pen, Pens Fine Point Smooth Writing Pens, Bulk Pens, and Office Supplies"
B0017TGC78,,,,,,,,,,,,,,,,,"
                                    "
B0017TK7AG,,,,,,,,,,,,,,,,,"
                                    "
B0017YNKY6,,,,,,,,,,,,,,,,,"
                                    "
B0017YP1NO,,,,,,,,,,,,,,,,,"Uniball Deluxe Rollerball Pen, 3 Black Pens, 0.5mm Micro Point Roller Pens| Office Supplies, Ink Pens, Colored Pens, Fine Point, Smooth Writing Pens, Ballpoint Pens"
B0017YQSU4,,,,,,,,,,,,,,,,,"Uniball Jetstream Stick Pen 12 Pack, 1.0mm Medium Blue Pens, Wirecutter Best Pen, Ballpoint Pens, Ballpoint Ink Pens | Office Supplies, Ballpoint Pen, Colored Pens, Fine Point, Smooth Writing Pens"
B001AO14KA,,,,,,,,,,,,,,,,,"
                                    "
B0017TLRSM,,,,,,,,,,,,,,,,,"Uniball Vision Elite Roller Ball Pen, Blue Ink, Bold 5 Pens Per Order"
B001B2GTWE,,,,,,,,,,,,,,,,,"
                                    "
B001B0957C,,,,,,,,,,,,,,,,,"Uniball Jetstream RT 12 Pack, 1.0mm Medium Black, Wirecutter Best Pen, Ballpoint Pens, Ballpoint Ink Pens | Office Supplies, Ballpoint Pen, Colored Pens, Fine Point, Smooth Writing Pens"
B001B2Q9O2,,,,,,,,,,,,,,,,,"Uni-Ball (1734904) Vision Needle Fine Blue Roller Ball Pen, 3/Pack"
B001BVP28C,,,,,,,,,,,,,,,,,"
                                    "
B001B2KMBI,,,,,,,,,,,,,,,,,"
                                    "
B001BVTU80,,,,,,,,,,,,,,,,,"
                                    "
B001BT4QOU,,,,,,,,,,,,,,,,,"
                                    "
B001CLILUM,,,,,,,,,,,,,,,,,"
                                    "
B001DZYQTM,,,,,,,,,,,,,,,,,"
                                    "
B001GR0DH6,,,,,,,,,,,,,,,,,"
                                    "
B001E6C8EU,,,,,,,,,,,,,,,,,"
                                    "
B001FMCA78,,,,,,,,,,,,,,,,,"
                                    "
B001EQCJ4O,,,,,,,,,,,,,,,,,$11.31
B001E6C9B2,,,,,,,,,,,,,,,,,"Uniball Vision Elite Rollerball Pens, Assorted Pens Pack of 8, Micro Pens with 0.5mm Ink, Ink Black Pen, Pens Fine Point Smooth Writing Pens, Bulk Pens, and Office Supplies"
B001E6C9AS,,,,,,,,,,,,,,,,,"Uniball Vision Elite Rollerball Pens, Assorted Pens Pack of 8, Bold Pens with 0.8mm Ink, Ink Black Pen, Pens Fine Point Smooth Writing Pens, Bulk Pens, and Office Supplies"
B001GR4E26,,,,,,,,,,,,,,,,,"
                                    "
B001GR2EBE,,,,,,,,,,,,,,,,,"
                                    "
B001GR8C8S,,,,,,,,,,,,,,,,,"
                                    "
B001GR4E3U,,,,,,,,,,,,,,,,,Delivery
B001GR8CCE,,,,,,,,,,,,,,,,,"
                                    "
B001GXFU8C,,,,,,,,,,,,,,,,,"
                                    "
B001GXLQO4,,,,,,,,,,,,,,,,,"Uniball Vision Elite BLX Rollerball Pens, Blue/Black Pens Pack of 3, Bold Pens with 0.8mm Ink, Ink Black Pen, Pens Fine Point Smooth Writing Pens, Bulk Pens, and Office Supplies"
B001HQ8MFQ,,,,,,,,,,,,,,,,,"
                                    "
B001JKR3Y6,,,,,,,,,,,,,,,,,"
                                    "
B001GXDW8W,,,,,,,,,,,,,,,,,Delivery
B001J8C4YM,,,,,,,,,,,,,,,,,Delivery
B001HA59VC,,,,,,,,,,,,,,,,,"uni-ball 62153 uni-ball Jetstream RT Retr Ball Point Pen, Black Brl, Red Ink, Fine, 0.70 mm, Carton of 864"
B001KPUCWA,,,,,,,,,,,,,,,,,Uni Paint Marker PX-30 Broad Silver
B001PMC56Y,,,,,,,,,,,,,,,,,"
                                    "
B001P410N6,,,,,,,,,,,,,,,,,How to return the item?
B001P1ZDTG,,,,,,,,,,,,,,,,,"Uniball Signo 207 Gel Pen 12 Pack, 0.7mm Medium Black Pens, Ink Pens | Office Supplies Sold by are Ballpoint Pen, Colored Fine Point, Smooth Writing"
B001TQFSF6,,,,,,,,,,,,,,,,,"
                                    "
B0021U7SRU,,,,,,,,,,,,,,,,,"
                                    "
B001PLOOOQ,,,,,,,,,,,,,,,,,"Uniball Jetstream RT 3 Pack, 0.7mm Fine Black, Wirecutter Best Pen, Ballpoint Pens, Ballpoint Ink Pens | Office Supplies, Pens, Ballpoint Pen, Colored Pens, Fine Point, Smooth Writing Pens"
B001TJ7GBC,,,,,,,,,,,,,,,,,"
                                    "
B0021UBMZ4,,,,,,,,,,,,,,,,,"
                                    "
B0021UHFS2,,,,,,,,,,,,,,,,,"
                                    "
B001PV13JK,,,,,,,,,,,,,,,,,How to return the item?
B00260V9HA,,,,,,,,,,,,,,,,,"
                                    "
B00260TWA6,,,,,,,,,,,,,,,,,"
                                    "
B0021UYHF6,,,,,,,,,,,,,,,,,"
                                    "
B00254DA4W,,,,,,,,,,,,,,,,,Delivery
B0026OJK2W,,,,,,,,,,,,,,,,,"
                                    "
B00281O2EY,,,,,,,,,,,,,,,,,"
                                    "
B0026SDEFM,,,,,,,,,,,,,,,,,"
                                    "
B0026ICM1E,,,,,,,,,,,,,,,,,"Uniball Kuru Toga Elite Mechanical Pencil Starter Kit with Silver Barrel and 0.5mm Tip, 60 Lead Refills, and 5 Pencil Eraser Refills, HB #2, Office Supplies, School Supplies, Drafting"
B002BBBTLU,,,,,,,,,,,,,,,,,"
                                    "
B002C2KH1G,,,,,,,,,,,,,,,,,"
                                    "
B002C2PAEA,,,,,,,,,,,,,,,,,"
                                    "
B002C2M3EU,,,,,,,,,,,,,,,,,"
                                    "
B002C2PAHC,,,,,,,,,,,,,,,,,"
                                    "
B002DEW2WA,,,,,,,,,,,,,,,,,"
                                    "
B002BFH68Q,,,,,,,,,,,,,,,,,"
                                    "
B002H9W9MY,,,,,,,,,,,,,,,,,"
                                    "
B002HICSEO,,,,,,,,,,,,,,,,,"
                                    "
B002FSZP5A,,,,,,,,,,,,,,,,,"Uni Jetstream -slim & compact 0.5mm, 3 color Ballpoint pen 〈Body Color〉Black, with Pen Ink Refill (Black,Blue,Red) MIYABI stationery store Original gift package (SXE3JSS05.24/SXR-80-05)"
B002K8YWYA,,,,,,,,,,,,,,,,,"
                                    "
B002FYXYJI,,,,,,,,,,,,,,,,,"Uniball Deluxe Rollerball Pen, 3 Black Pens, 0.7mm Fine Point Roller Pens| Office Supplies, Ink Pens, Colored Pens, Fine Point, Smooth Writing Pens, Ballpoint Pens"
B002KIW7WO,,,,,,,,,,,,,,,,,"
                                    "
B002KOPUOU,,,,,,,,,,,,,,,,,"
                                    "
B002K90G9E,,,,,,,,,,,,,,,,,"
                                    "
B002SAH6F2,,,,,,,,,,,,,,,,,"
                                    "
B002S5382C,,,,,,,,,,,,,,,,,$8.42
B002OL2OJ8,,,,,,,,,,,,,,,,,Uni-Ball EYE UB-157 Rollerball Pen 0.7mm Ball [Pack of 10] One of each colour
B002S5382W,,,,,,,,,,,,,,,,,"
                                    "
B002SA7QGQ,,,,,,,,,,,,,,,,,"
                                    "
B002S537TG,,,,,,,,,,,,,,,,,"Uniball Signo 207 Gel Pen 4 Pack, 0.7mm Medium Black Pens, Gel Ink Pens | Office Supplies Sold by Uniball are Pens, Ballpoint Pen, Colored Pens, Gel Pens, Fine Point, Smooth Writing Pens"
B002S537ZK,,,,,,,,,,,,,,,,,"Uni-Ball Jetstream Rollerball Pen, 1.0mm, Bold Point, 6-Count (Blue, Bold)"
B002S5383G,,,,,,,,,,,,,,,,,"Uniball Vision Elite BLX Rollerball Pens, Blue/Black Pens Pack of 5, Bold Pens with 0.8mm Ink, Ink Black Pen, Pens Fine Point Smooth Writing Pens, Bulk Pens, and Office Supplies"
B002U0MVVE,,,,,,,,,,,,,,,,,"
                                    "
B002U3K6F4,,,,,,,,,,,,,,,,,"
                                    "
B002TDKM72,,,,,,,,,,,,,,,,,"Uni-ball Signo Broad UM-153 Gel Ink Pen, 7 colors set (Japan Import) [Komainu-Dou Original Package]"
B002V5S1N0,,,,,,,,,,,,,,,,,"Uniball Vision Elite BLX Rollerball Pens, Blue/Black Pens Pack of 5, Bold Pens with 0.8mm Ink, Ink Black Pen, Pens Fine Point Smooth Writing Pens, Bulk Pens, and Office Supplies"
B002U0QN5Y,,,,,,,,,,,,,,,,,"
                                    "
B002VCWTWC,,,,,,,,,,,,,,,,,Delivery
B002XK006Y,,,,,,,,,,,,,,,,,"
                                    "
B002YM3LUS,,,,,,,,,,,,,,,,,"
                                    "
B002XJNKAS,,,,,,,,,,,,,,,,,"Uniball Onyx Rollerball Stick Pen 12 Pack, 0.5mm Micro Black Pens, Gel Ink Pens | Office Supplies, Pens, Ballpoint Pen, Colored Pens, Gel Pens, Fine Point, Smooth Writing Pens"
B002ZZ7QX2,,,,,,,,,,,,,,,,,"
                                    "
B002ZZ7QYG,,,,,,,,,,,,,,,,,"
                                    "
B002ZZ5KQ2,,,,,,,,,,,,,,,,,"
                                    "
B002ZZ3N6G,,,,,,,,,,,,,,,,,"Uniball Signo 207 Impact Stick Gel Pen Refill, 2 Black Pen Refills, 1.0mm Bold Point Gel Pens| Office Supplies by Uni-ball like Ink Pens, Colored Pens, Fine Point, Smooth Writing Pens, Ballpoint Pens"
B002ZZ9LTE,,,,,,,,,,,,,,,,,"
                                    "
B002ZZ2AJC,,,,,,,,,,,,,,,,,Delivery
B0032JUIY4,,,,,,,,,,,,,,,,,"
                                    "
B0032JNFA8,,,,,,,,,,,,,,,,,"
                                    "
B0032JYLFQ,,,,,,,,,,,,,,,,,"
                                    "
B0035GTPXY,,,,,,,,,,,,,,,,,"
                                    "
B003AU913O,,,,,,,,,,,,,,,,,"
                                    "
B003BLSUZW,,,,,,,,,,,,,,,,,"
                                    "
B003BM9VM2,,,,,,,,,,,,,,,,,How to return the item?
B0032JWWAC,,,,,,,,,,,,,,,,,"
                                    "
B003F2JLQ4,,,,,,,,,,,,,,,,,"
                                    "
B003CPH5E4,,,,,,,,,,,,,,,,,"Uni Pencil Lead, The Uni"" Smudge-Proof Leads, 0.5mm HB, 40 Leads x 5 Pack"
B003HOC78E,,,,,,,,,,,,,,,,,"
                                    "
B003FXWGWE,,,,,,,,,,,,,,,,,$16.79
B003HIG1B4,,,,,,,,,,,,,,,,,How to return the item?
B003HOG7V2,,,,,,,,,,,,,,,,,"
                                    "
B003HOHG5S,,,,,,,,,,,,,,,,,"
                                    "
B003HOE8TA,,,,,,,,,,,,,,,,,"
                                    "
B003HOHLYO,,,,,,,,,,,,,,,,,"
                                    "
B003L65PZU,,,,,,,,,,,,,,,,,"
                                    "
B003L6HJ4K,,,,,,,,,,,,,,,,,"
                                    "
B003LHEW6W,,,,,,,,,,,,,,,,,"
                                    "
B003L6F5GY,,,,,,,,,,,,,,,,,"
                                    "
B003L6J308,,,,,,,,,,,,,,,,,"
                                    "
B003L63HNM,,,,,,,,,,,,,,,,,Uni Pin Fineliner Drawing Pen - Sketching Set - Black Ink - 0.03 to 0.8mm - Set of 6
B003N7RT10,,,,,,,,,,,,,,,,,"
                                    "
B003N5EH7G,,,,,,,,,,,,,,,,,"
                                    "
B003SJ1M5C,,,,,,,,,,,,,,,,,"
                                    "
B003T9MTJO,,,,,,,,,,,,,,,,,"
                                    "
B003T9OUK0,,,,,,,,,,,,,,,,,"
                                    "
B003T9KUKE,,,,,,,,,,,,,,,,,"Uni Gel Ballpoint Pen Ball Signo 0.5mm, Golden Yellow (UM15105.69)"
B003T9Q3VE,,,,,,,,,,,,,,,,,"
                                    "
B003UOU8VE,,,,,,,,,,,,,,,,,"
                                    "
B003U6E8I6,,,,,,,,,,,,,,,,,"
                                    "
B003TCON72,,,,,,,,,,,,,,,,,uni-ball 60704 Grip Roller Ball Pen Black Ink Micro Dozen
B003UOU936,,,,,,,,,,,,,,,,,"
                                    "
B003UOWE3E,,,,,,,,,,,,,,,,,"
                                    "
B003UOYBZ8,,,,,,,,,,,,,,,,,"
                                    "
B003UP1P6A,,,,,,,,,,,,,,,,,"
                                    "
B003VVSA8Y,,,,,,,,,,,,,,,,,"
                                    "
B003VVV720,,,,,,,,,,,,,,,,,"
                                    "
B003VVWZ44,,,,,,,,,,,,,,,,,"
                                    "
B003VVX9QW,,,,,,,,,,,,,,,,,"
                                    "
B003VW1GDE,,,,,,,,,,,,,,,,,"
                                    "
B003VNGAKC,,,,,,,,,,,,,,,,,"Uniball Jetstream RT 12 Pack, 1.0mm Medium Black, Wirecutter Best Pen, Ballpoint Pens, Ballpoint Ink Pens | Office Supplies, Ballpoint Pen, Colored Pens, Fine Point, Smooth Writing Pens"
B003WPC152,,,,,,,,,,,,,,,,,"
                                    "
B003WP49VG,,,,,,,,,,,,,,,,,"
                                    "
B00443BS1Y,,,,,,,,,,,,,,,,,"
                                    "
B0042OCDVO,,,,,,,,,,,,,,,,,Uni-Ball Super Ink Permanent Marker Quick-drying Fade-free 0.9mm Line Ref 9001410 [Pack of 12]
B00443H9IA,,,,,,,,,,,,,,,,,"
                                    "
B00443MTTY,,,,,,,,,,,,,,,,,"
                                    "
B00443IH7W,,,,,,,,,,,,,,,,,"
                                    "
B00443H9SU,,,,,,,,,,,,,,,,,"
                                    "
B00443N78Q,,,,,,,,,,,,,,,,,"
                                    "
B00449RA06,,,,,,,,,,,,,,,,,"
                                    "
B00449YJSM,,,,,,,,,,,,,,,,,"
                                    "
B004BF4IIU,,,,,,,,,,,,,,,,,"
                                    "
B0044A2PBO,,,,,,,,,,,,,,,,,"
                                    "
B0046Z5PAU,,,,,,,,,,,,,,,,,"
                                    "
B004BF63SI,,,,,,,,,,,,,,,,,"
                                    "
B004BF63RO,,,,,,,,,,,,,,,,,"
                                    "
B0044UZ87M,,,,,,,,,,,,,,,,,"
                                    "
B004BF7PLW,,,,,,,,,,,,,,,,,"Uni NanoDia Color Mechanical Pencil Leads 0.5mm 7 Color Set, 7 Pack/total 140 Leads"
B004CFFKCM,,,,,,,,,,,,,,,,,"
                                    "
B004E2IPKW,,,,,,,,,,,,,,,,,"
                                    "
B004E2MR6U,,,,,,,,,,,,,,,,,"
                                    "
B004E2KFAU,,,,,,,,,,,,,,,,,"
                                    "
B004E2OX4O,,,,,,,,,,,,,,,,,How to return the item?
B004E2RM9C,,,,,,,,,,,,,,,,,"
                                    "
B004E2TQTQ,,,,,,,,,,,,,,,,,"
                                    "
B004E3HSDG,,,,,,,,,,,,,,,,,"
                                    "
B004IP3ZLE,,,,,,,,,,,,,,,,,"
                                    "
B004I2HLQC,,,,,,,,,,,,,,,,,"
                                    "
B004IQHXWA,,,,,,,,,,,,,,,,,"
                                    "
B004IPYHDO,,,,,,,,,,,,,,,,,"
                                    "
B004MLRSA8,,,,,,,,,,,,,,,,,"
                                    "
B004L4O6J2,,,,,,,,,,,,,,,,,"
                                    "
B004MYC22O,,,,,,,,,,,,,,,,,"uni-ball Kuru Toga Mechanical Pencil with 0.7 mm Lead Refills & Pencil Erasers, HB #2"
B004NNPYK6,,,,,,,,,,,,,,,,,"
                                    "
B004NNKHOY,,,,,,,,,,,,,,,,,"
                                    "
B004NO7XPY,,,,,,,,,,,,,,,,,"
                                    "
B004NO7XQI,,,,,,,,,,,,,,,,,"
                                    "
B004ORYZTC,,,,,,,,,,,,,,,,,"
                                    "
B0052SHRR4,,,,,,,,,,,,,,,,,"
                                    "
B004SH1XV6,,,,,,,,,,,,,,,,,"
                                    "
B004YFEGH0,,,,,,,,,,,,,,,,,"
                                    "
B004P3TXME,,,,,,,,,,,,,,,,,"
                                    "
B004WAJSEI,,,,,,,,,,,,,,,,,Delivery
B0054QID9A,,,,,,,,,,,,,,,,,"
                                    "
B004OHNR0A,,,,,,,,,,,,,,,,,"Uniball Kuru Toga Elite Mechanical Pencil Starter Kit with Silver Barrel and 0.5mm Tip, 60 Lead Refills, and 5 Pencil Eraser Refills, HB #2, Office Supplies, School Supplies, Drafting"
B00551DMIQ,,,,,,,,,,,,,,,,,"
                                    "
B005BL9EJG,,,,,,,,,,,,,,,,,"
                                    "
B005B2UYGM,,,,,,,,,,,,,,,,,Delivery
B005BL9G4Y,,,,,,,,,,,,,,,,,Delivery
B005H3J6GE,,,,,,,,,,,,,,,,,"
                                    "
B005BL9I0Q,,,,,,,,,,,,,,,,,"
                                    "
B0055QGYTA,,,,,,,,,,,,,,,,,"Uni-ball Signo Gel Ink Pen, Black, 0.38mm, Pack of 10"
B005EWRRSW,,,,,,,,,,,,,,,,,Delivery
B005NXE92E,,,,,,,,,,,,,,,,,"
                                    "
B0065CDYUA,,,,,,,,,,,,,,,,,"
                                    "
B005HNZ5D2,,,,,,,,,,,,,,,,,"Uniball Signo 207 Gel Pen 12 Pack, 0.7mm Medium Purple Pens, Gel Ink Pens Office Supplies Sold By Uniball Are Pens, Ballpoint Pen, Colored Pens, Gel Pens, Fine Point, Smooth Writing Pens"
B005O0TOA8,,,,,,,,,,,,,,,,,"
                                    "
B006CQS76K,,,,,,,,,,,,,,,,,"
                                    "
B005HNZ5T6,,,,,,,,,,,,,,,,,"Uniball Signo 207 Gel Pen 12 Pack, 0.7mm Medium Purple Pens, Gel Ink Pens Office Supplies Sold By Uniball Are Pens, Ballpoint Pen, Colored Pens, Gel Pens, Fine Point, Smooth Writing Pens"
B006CQSVZW,,,,,,,,,,,,,,,,,Rotring 600 Mechanical Pencil 0.5 mm Black
B006GFJJXM,,,,,,,,,,,,,,,,,"
                                    "
B006R6BSFW,,,,,,,,,,,,,,,,,"
                                    "
B0071DEXXY,,,,,,,,,,,,,,,,,"
                                    "
B0076IYGUO,,,,,,,,,,,,,,,,,"
                                    "
B006UGSZ8W,,,,,,,,,,,,,,,,,"
                                    "
B005DY9FIG,,,,,,,,,,,,,,,,,"
                                    "
B006GFJYXC,,,,,,,,,,,,,,,,,$22.85
B0079G11WE,,,,,,,,,,,,,,,,,"
                                    "
B007G977J0,,,,,,,,,,,,,,,,,"
                                    "
B007JTCSPK,,,,,,,,,,,,,,,,,"
                                    "
B007FI8FXO,,,,,,,,,,,,,,,,,"Uniball Jetstream 101 12 Pack, 1.0mm Medium Black, Wirecutter Best Pen, Ballpoint Pens, Ballpoint Ink Pens | Office Supplies, Ballpoint Pen, Colored Pens, Fine Point, Smooth Writing Pens"
B007FIADGG,,,,,,,,,,,,,,,,,"
                                    "
B007SAXVKG,,,,,,,,,,,,,,,,,"
                                    "
B007G94MJI,,,,,,,,,,,,,,,,,"
                                    "
B007SQ0YD2,,,,,,,,,,,,,,,,,"
                                    "
B007URGSP2,,,,,,,,,,,,,,,,,"Uniball Signo 207 Gel Pen 12 Pack, 0.7mm Medium Black Pens, Ink Pens | Office Supplies Sold by are Ballpoint Pen, Colored Fine Point, Smooth Writing"
B007YCMMZS,,,,,,,,,,,,,,,,,Uni Pin Fine Line Marker 0.1mm
B007YCN3KG,,,,,,,,,,,,,,,,,"
                                    "
B007YCNDJC,,,,,,,,,,,,,,,,,"
                                    "
B007YCM3HA,,,,,,,,,,,,,,,,,"
                                    "
B007YCNUNG,,,,,,,,,,,,,,,,,"
                                    "
B007YCNM3E,,,,,,,,,,,,,,,,,"
                                    "
B007YCO98G,,,,,,,,,,,,,,,,,"
                                    "
B007YCOER2,,,,,,,,,,,,,,,,,"
                                    "
B007YCOGSE,,,,,,,,,,,,,,,,,"
                                    "
B008362WP4,,,,,,,,,,,,,,,,,"
                                    "
B007YCOJDQ,,,,,,,,,,,,,,,,,"uni-ball Vision Elite BLX Infusion Rollerball Pens Bold Point, 0.8mm, Blue/Black, 12 Pack"
B008FNZ4P0,,,,,,,,,,,,,,,,,"
                                    "
B008GSJI2E,,,,,,,,,,,,,,,,,"
                                    "
B008GQELWS,,,,,,,,,,,,,,,,,"
                                    "
B008LXMQOG,,,,,,,,,,,,,,,,,"
                                    "
B008JFZPKS,,,,,,,,,,,,,,,,,"
                                    "
B008LXMPWO,,,,,,,,,,,,,,,,,"
                                    "
B008OECJWG,,,,,,,,,,,,,,,,,"
                                    "
B008UGFO6G,,,,,,,,,,,,,,,,,"
                                    "
B008GSQYGC,,,,,,,,,,,,,,,,,"
                                    "
B008UQI6T8,,,,,,,,,,,,,,,,,"
                                    "
B0096XRS70,,,,,,,,,,,,,,,,,"
                                    "
B0091R0Z0I,,,,,,,,,,,,,,,,,"
                                    "
B0099RJIXA,,,,,,,,,,,,,,,,,"
                                    "
B0091FTNS0,,,,,,,,,,,,,,,,,Delivery
B0099RKU1O,,,,,,,,,,,,,,,,,"
                                    "
B0096XUENU,,,,,,,,,,,,,,,,,"
                                    "
B0099RI1GU,,,,,,,,,,,,,,,,,"
                                    "
B0099RKY4W,,,,,,,,,,,,,,,,,"
                                    "
B0099ROX5S,,,,,,,,,,,,,,,,,"
                                    "
B0099ROKRY,,,,,,,,,,,,,,,,,"
                                    "
B0099RRW2O,,,,,,,,,,,,,,,,,"
                                    "
B0099RS0PM,,,,,,,,,,,,,,,,,"
                                    "
B0099RZDPM,,,,,,,,,,,,,,,,,"
                                    "
B0099RZISE,,,,,,,,,,,,,,,,,"
                                    "
B009F3JDSS,,,,,,,,,,,,,,,,,"
                                    "
B009A4WU3C,,,,,,,,,,,,,,,,,"
                                    "
B00ARZ50W6,,,,,,,,,,,,,,,,,"
                                    "
B00AOMT8PM,,,,,,,,,,,,,,,,,"
                                    "
B00AGJG9UK,,,,,,,,,,,,,,,,,"
                                    "
B00A40BV6I,,,,,,,,,,,,,,,,,"
                                    "
B00AZJV3FC,,,,,,,,,,,,,,,,,"
                                    "
B00AU51DGA,,,,,,,,,,,,,,,,,"
                                    "
B00B1QK8YU,,,,,,,,,,,,,,,,,"
                                    "
B00BINTL4E,,,,,,,,,,,,,,,,,"
                                    "
B00BINTLU8,,,,,,,,,,,,,,,,,"
                                    "
B00BFZOB0Y,,,,,,,,,,,,,,,,,"
                                    "
B00BINTMOI,,,,,,,,,,,,,,,,,"
                                    "
B00BINTP2M,,,,,,,,,,,,,,,,,"
                                    "
B00B8GTJUM,,,,,,,,,,,,,,,,,"Uniball Jetstream RT 3 Pack, 0.7mm Fine Assorted, Wirecutter Best Pen, Ballpoint Pens, Ballpoint Ink Pens | Office Supplies, Pens, Ballpoint Pen, Colored Pens, Fine Point, Smooth Writing Pens"
B00BEYXGPC,,,,,,,,,,,,,,,,,"Uniball Kuru Toga Elite Mechanical Pencil Starter Kit with Silver Barrel and 0.5mm Tip, 60 Lead Refills, and 5 Pencil Eraser Refills, HB #2, Office Supplies, School Supplies, Drafting"
B00BPDNTRM,,,,,,,,,,,,,,,,,$9.31
B00BRGSS1Y,,,,,,,,,,,,,,,,,"
                                    "
B00BRGSS3M,,,,,,,,,,,,,,,,,"
                                    "
B00BRGSSWS,,,,,,,,,,,,,,,,,"
                                    "
B00BRGSSWI,,,,,,,,,,,,,,,,,"
                                    "
B00BRGOTMG,,,,,,,,,,,,,,,,,"
                                    "
B00BPDNTSQ,,,,,,,,,,,,,,,,,"Uniball Jetstream RT 3 Pack, 1.0mm Medium Assorted, Wirecutter Best Pen, Ballpoint Pens, Ballpoint Ink Pens | Office Supplies, Pens, Ballpoint Pen, Colored Pens, Fine Point, Smooth Writing Pens"
B00BPLFBH0,,,,,,,,,,,,,,,,,Uni Ballpoint Pen Jetstream 3 Color Black Red Blue Ink 0.38mm Transparent (SXE340038.T)+ 0.38 3 Color Refill
B00BT2R9NY,,,,,,,,,,,,,,,,,"
                                    "
B00BT2YZJK,,,,,,,,,,,,,,,,,"
                                    "
B00BX9PWBE,,,,,,,,,,,,,,,,,"
                                    "
B00C1OYAN6,,,,,,,,,,,,,,,,,"
                                    "
B00BT34XPA,,,,,,,,,,,,,,,,,uni-ball 60705 Grip Roller Ball Pen Blue Ink Micro Dozen
B00CLDVR38,,,,,,,,,,,,,,,,,"
                                    "
B00CHQLWWA,,,,,,,,,,,,,,,,,"
                                    "
B00CN7MIPS,,,,,,,,,,,,,,,,,"
                                    "
B00DEQNCE8,,,,,,,,,,,,,,,,,"
                                    "
B00ED3QIOW,,,,,,,,,,,,,,,,,"
                                    "
B00DV1SMQ4,,,,,,,,,,,,,,,,,"uni-ball 207 BLX Retractable Gel Pens, Medium Point, Blue/Black Ink"
B00ED3OHWC,,,,,,,,,,,,,,,,,"uni-ball Uni-Paint Oil-Base Medium Line Markers, White, 1 Count (Pack of 1)"
B00GOUIKT8,,,,,,,,,,,,,,,,,"
                                    "
B00GAO2ZYO,,,,,,,,,,,,,,,,,UNI-Ball PIN Drawing Pen FINELINER Ultra FINE LINE Marker 0.05mm Black Ink - [Pack of 3]
B00HGJ5ODG,,,,,,,,,,,,,,,,,"
                                    "
B00EZ7O01E,,,,,,,,,,,,,,,,,"Uni-ball Signo Gel Ink Pen, Black, 0.38mm, Pack of 10"
B00HUVMQMW,,,,,,,,,,,,,,,,,"
                                    "
B00HUL0RRS,,,,,,,,,,,,,,,,,"uni-ball Jetstream RT Retractable Ballpoint Pens Fine Point, 0.7mm, Black, 12 Pack"
B00IC8YX28,,,,,,,,,,,,,,,,,"
                                    "
B00IS3DH3S,,,,,,,,,,,,,,,,,"
                                    "
B00IKLF49S,,,,,,,,,,,,,,,,,"
                                    "
B00IRYTQ8S,,,,,,,,,,,,,,,,,"
                                    "
B00IS4ZKFU,,,,,,,,,,,,,,,,,"
                                    "
B00IS3SVK2,,,,,,,,,,,,,,,,,"
                                    "
B00IS4RDVE,,,,,,,,,,,,,,,,,"
                                    "
B00IS57MJ6,,,,,,,,,,,,,,,,,"
                                    "
B00IS8KD8K,,,,,,,,,,,,,,,,,"
                                    "
B00IS5DMMM,,,,,,,,,,,,,,,,,"
                                    "
B00IS6ZLS4,,,,,,,,,,,,,,,,,"
                                    "
B00D4BJSLO,,,,,,,,,,,,,,,,,"
                                    "
B00ISRGK9W,,,,,,,,,,,,,,,,,"
                                    "
B00IS8KDAI,,,,,,,,,,,,,,,,,"
                                    "
B00ISRG9QQ,,,,,,,,,,,,,,,,,"
                                    "
B00ISS08KS,,,,,,,,,,,,,,,,,"
                                    "
B00ISS08NU,,,,,,,,,,,,,,,,,"
                                    "
B00ISS7GUS,,,,,,,,,,,,,,,,,"
                                    "
B00ISS7GHG,,,,,,,,,,,,,,,,,"
                                    "
B00ITQI0BS,,,,,,,,,,,,,,,,,"
                                    "
B00ITR3TDQ,,,,,,,,,,,,,,,,,"
                                    "
B00ITRAB5U,,,,,,,,,,,,,,,,,"
                                    "
B00ITSTFCE,,,,,,,,,,,,,,,,,"
                                    "
B00ITTCG6A,,,,,,,,,,,,,,,,,"
                                    "
B00ITTCG38,,,,,,,,,,,,,,,,,"
                                    "
B00ITTHH5A,,,,,,,,,,,,,,,,,"
                                    "
B00ITTMDNG,,,,,,,,,,,,,,,,,"
                                    "
B00ITUQLPQ,,,,,,,,,,,,,,,,,"
                                    "
B00ITTCH0U,,,,,,,,,,,,,,,,,"
                                    "
B00ITTMDMC,,,,,,,,,,,,,,,,,"
                                    "
B00ITVK1GA,,,,,,,,,,,,,,,,,"
                                    "
B00ITVK1IS,,,,,,,,,,,,,,,,,"
                                    "
B00ITVK1S8,,,,,,,,,,,,,,,,,"
                                    "
B00ITVK1JM,,,,,,,,,,,,,,,,,"
                                    "
B00ITVK8O0,,,,,,,,,,,,,,,,,"
                                    "
B00ITVK1QK,,,,,,,,,,,,,,,,,"
                                    "
B00IZH8E62,,,,,,,,,,,,,,,,,"
                                    "
B00J590B74,,,,,,,,,,,,,,,,,"
                                    "
B00JMFELPE,,,,,,,,,,,,,,,,,"
                                    "
B00JBGSLT6,,,,,,,,,,,,,,,,,"uni-ball UB-157 Eye Fine Rollerball Pens, Blue Uni Super Ink, 7mm Nib, Box of 12"
B00JV1ULM6,,,,,,,,,,,,,,,,,"
                                    "
B00JMFTHTY,,,,,,,,,,,,,,,,,"
                                    "
B00JMGADOG,,,,,,,,,,,,,,,,,"
                                    "
B00JV2G01Q,,,,,,,,,,,,,,,,,"
                                    "
B00JV2VC96,,,,,,,,,,,,,,,,,"Uni-ball 148174 0.4 mm ""Eye Design"" Ink Roller - Black"
B00JV34XGY,,,,,,,,,,,,,,,,,"
                                    "
B00JVNN554,,,,,,,,,,,,,,,,,"
                                    "
B00K23SLBU,,,,,,,,,,,,,,,,,"Uniball PowerTank RT Black Pens 12 Pack, 1.0mm Bold Pens, Ballpoint, Pen Retractable, Bulk Pens, Bulk Ink Pens, Office Supplies, Colored Pens, Pens Fine Point Smooth Writing Pens"
B00KD1IYM2,,,,,,,,,,,,,,,,,"Uni-ball Signo Um-153 Gel Impact Pen Open Stock, White, 10 Pens Per Pack"
B00KHV1D0I,,,,,,,,,,,,,,,,,"
                                    "
B00KKXMIUW,,,,,,,,,,,,,,,,,"
                                    "
B00KYTRZPU,,,,,,,,,,,,,,,,,"
                                    "
B00KK6X7CW,,,,,,,,,,,,,,,,,"Uni-Ball UM 153 Signo Broad Point Gel Pen - White - Pack of 3, Limited Edition"
B00L5AIU5G,,,,,,,,,,,,,,,,,"
                                    "
B00KM5R6VO,,,,,,,,,,,,,,,,,$13.07
B00L5CT706,,,,,,,,,,,,,,,,,"
                                    "
B00L5C8GLW,,,,,,,,,,,,,,,,,"
                                    "
B00L3NFGMA,,,,,,,,,,,,,,,,,Delivery
B00L5CXM6Q,,,,,,,,,,,,,,,,,"
                                    "
B00L5EDHQE,,,,,,,,,,,,,,,,,UNI-BALL POSCA MARKER PEN PC-5M - RED - Single Pen
B00L5H15VA,,,,,,,,,,,,,,,,,"
                                    "
B00L5H9X4Q,,,,,,,,,,,,,,,,,UNI-BALL POSCA MARKER PEN PC-5M - LIGHT PINK - Single Pen
B00L7S807O,,,,,,,,,,,,,,,,,"Posca Marker 3M in Black, Posca Pens for Art Supplies, School Supplies, Rock Art, Fabric Paint, Fabric Markers, Paint Pen, Art Markers, Posca Paint Markers"
B00L5HJIJ6,,,,,,,,,,,,,,,,,"8 Posca Paint Markers, 3M Fine Posca Markers with Reversible Tips, Posca Marker Set of Acrylic Paint Pens | Posca Pens for Art Supplies, Fabric Paint, Fabric Markers, Paint Pen, Art Markers"
B00L7SEDQG,,,,,,,,,,,,,,,,,"Uni Posca Yellow Water Based, Non Toxic Paint Pen Marker for Marking Queen Bees Safely with a Yellow Dot"
B00L7TLRYG,,,,,,,,,,,,,,,,,"
                                    "
B00L7URZKK,,,,,,,,,,,,,,,,,"
                                    "
B00L7W6MX4,,,,,,,,,,,,,,,,,"
                                    "
B00L82WC4Q,,,,,,,,,,,,,,,,,"Posca - Ultra Fine to Fine Paint Marker Pens Set - PC-1MR, PC-1M, PC-3M - Black Ink - Pack of 3"
B00LB1P6E2,,,,,,,,,,,,,,,,,"
                                    "
B00L98ODZU,,,,,,,,,,,,,,,,,"
                                    "
B00L989SWS,,,,,,,,,,,,,,,,,"
                                    "
B00L83LX18,,,,,,,,,,,,,,,,,"
                                    "
B00LEHJDOC,,,,,,,,,,,,,,,,,"
                                    "
B00L83A06W,,,,,,,,,,,,,,,,,"
                                    "
B00L995GUU,,,,,,,,,,,,,,,,,"Uni Posca Medium Marker, White (PC5M.1)"
B00NCVRFRU,,,,,,,,,,,,,,,,,"
                                    "
B00NJ62LPO,,,,,,,,,,,,,,,,,"
                                    "
B00MKUNMTY,,,,,,,,,,,,,,,,,"
                                    "
B00MKUNFLE,,,,,,,,,,,,,,,,,"
                                    "
B00MKUOVT4,,,,,,,,,,,,,,,,,"
                                    "
B00NJ67AM8,,,,,,,,,,,,,,,,,"
                                    "
B00N6FOA70,,,,,,,,,,,,,,,,,"
                                    "
B00NZFR2RG,,,,,,,,,,,,,,,,,"
                                    "
B00PDRA6UO,,,,,,,,,,,,,,,,,"
                                    "
B00PDRA190,,,,,,,,,,,,,,,,,"
                                    "
B00PDRA8W0,,,,,,,,,,,,,,,,,"
                                    "
B00PDRA7U8,,,,,,,,,,,,,,,,,"
                                    "
B00P8XV1XE,,,,,,,,,,,,,,,,,"三菱鉛筆 Mitsubishi Pencil SXN100328.EY Permanent Ballpoint Pen, Jet Stream Edge, 0.28 Limited Edition Energy Yellow, Extra Fine Point But Easy to Write"
B00PDRABBS,,,,,,,,,,,,,,,,,"
                                    "
B00P05LEI2,,,,,,,,,,,,,,,,,"Uni-Ball Signo 207 Gel Pen Refills, 0.7mm, Medium Point, Blue Ink, Pack of 6"
B00QFY55M8,,,,,,,,,,,,,,,,,"
                                    "
B00SD4DPBG,,,,,,,,,,,,,,,,,"
                                    "
B00RC3VF6G,,,,,,,,,,,,,,,,,"uni-ball 207 Ink Gel Pen Refill, 2 per Pack"
B00SWZ5JZ6,,,,,,,,,,,,,,,,,"
                                    "
B00S4Y6U3U,,,,,,,,,,,,,,,,,"
                                    "
B00QKGQUQG,,,,,,,,,,,,,,,,,"Uniball Vision Rollerball Black Pens Pack of 4, Fine Point Pens with 0.7mm Medium Black Ink, Ink Black Pen, Smooth Writing Bulk Pens, and Office Supplies"
B00T3BY88W,,,,,,,,,,,,,,,,,"
                                    "
B00T3BY6ZM,,,,,,,,,,,,,,,,,"
                                    "
B00T6FJUZQ,,,,,,,,,,,,,,,,,Delivery
B00TBCC8IU,,,,,,,,,,,,,,,,,"
                                    "
B00U46UM6C,,,,,,,,,,,,,,,,,"
                                    "
B00U1HR2JO,,,,,,,,,,,,,,,,,"
                                    "
B00U7EM4B2,,,,,,,,,,,,,,,,,uni-ball FINE Markers 0.1mm Black
B00UHJBUF8,,,,,,,,,,,,,,,,,"Uni-Ball AIR Micro - 0.5mm Fine Rollerball - Pack of 6 Pens - 2 Black, 2 Blue and 2 Red (BusinessCollors), Packing may vary"
B00UJT043K,,,,,,,,,,,,,,,,,"
                                    "
B00UJT0HPA,,,,,,,,,,,,,,,,,"
                                    "
B00UHUKKU8,,,,,,,,,,,,,,,,,Delivery
B00UHJDOX4,,,,,,,,,,,,,,,,,Uni-Ball AIR Micro - 0.5mm Fine Rollerball - Pack of 12 - Black
B00UJT0WCI,,,,,,,,,,,,,,,,,"
                                    "
B00UHJDPF6,,,,,,,,,,,,,,,,,$5.68
B00UJT0I2M,,,,,,,,,,,,,,,,,"
                                    "
B00UKCBZD4,,,,,,,,,,,,,,,,,"
                                    "
B00UJT0WQE,,,,,,,,,,,,,,,,,"
                                    "
B00UJT18J4,,,,,,,,,,,,,,,,,"
                                    "
B00UXM1KCW,,,,,,,,,,,,,,,,,POSCA PC-5M by Uni-Ball - Red
B00UJT19IE,,,,,,,,,,,,,,,,,"
                                    "
B00UZO62BW,,,,,,,,,,,,,,,,,"
                                    "
B00V73VMG0,,,,,,,,,,,,,,,,,How to return the item?
B00YE2Z9K6,,,,,,,,,,,,,,,,,"
                                    "
B00VY5JU7O,,,,,,,,,,,,,,,,,"
                                    "
B00YE2ZB9K,,,,,,,,,,,,,,,,,"
                                    "
B00W9DJWDM,,,,,,,,,,,,,,,,,Uni-ball Signo Um-151 Gel Ink Pen - 0.38 Mm - 10 Set (Black)
B00YE33WB8,,,,,,,,,,,,,,,,,"
                                    "
B00Y1U1D6A,,,,,,,,,,,,,,,,,"Uni-ball Signo RT1 Retractable Gel Ink Pen, Ultra Micro Point 0.28mm, Rubber Grip, Black Ink, UMN-155-28, Value Set of 5"
B00YE3E4EC,,,,,,,,,,,,,,,,,"
                                    "
B00YE38YTI,,,,,,,,,,,,,,,,,"
                                    "
B00YE3U60I,,,,,,,,,,,,,,,,,"
                                    "
B00YE3R872,,,,,,,,,,,,,,,,,"
                                    "
B00YG7GW28,,,,,,,,,,,,,,,,,"
                                    "
B00YXWC78Y,,,,,,,,,,,,,,,,,"
                                    "
B00YVLYQVS,,,,,,,,,,,,,,,,,"
                                    "
B00ZA2ZCLU,,,,,,,,,,,,,,,,,"
                                    "
B012B1HQ66,,,,,,,,,,,,,,,,,"
                                    "
B011CAK7RM,,,,,,,,,,,,,,,,,"
                                    "
B013SQB2P4,,,,,,,,,,,,,,,,,"
                                    "
B013NMZ82Q,,,,,,,,,,,,,,,,,"
                                    "
B0141MN0RW,,,,,,,,,,,,,,,,,"
                                    "
B013KM8IGM,,,,,,,,,,,,,,,,,$15.99
B013SQF6II,,,,,,,,,,,,,,,,,"Uniball Air 12 Pack in Blue, 0.7mm Medium Rollerball Pens, Try Gel Pens, Colored Pens, Office Supplies, Colorful Pens, Blue Pens Ballpoint Pens, Fine Point, Smooth Writing Pens"
B0141MY1SO,,,,,,,,,,,,,,,,,"
                                    "
B0141NPU5G,,,,,,,,,,,,,,,,,"
                                    "
B015G8F76W,,,,,,,,,,,,,,,,,"
                                    "
B0145T4AWK,,,,,,,,,,,,,,,,,"
                                    "
B0145FCVDO,,,,,,,,,,,,,,,,,Uni-Ball AIR - 0.7mm Medium Rollerball - 6 Pack - Blue - UBA-188-L
B014SFJK5S,,,,,,,,,,,,,,,,,"
                                    "
B014SFJHS8,,,,,,,,,,,,,,,,,How to return the item?
B015TB3SHG,,,,,,,,,,,,,,,,,"
                                    "
B015KBG9IK,,,,,,,,,,,,,,,,,"
                                    "
B016MH10C6,,,,,,,,,,,,,,,,,"
                                    "
B017BEX9FA,,,,,,,,,,,,,,,,,"
                                    "
B0188GG6RI,,,,,,,,,,,,,,,,,How to return the item?
B0188GBYUC,,,,,,,,,,,,,,,,,Delivery
B0188GE9FE,,,,,,,,,,,,,,,,,"Uniball Air 12 Pack in Black, 0.7mm Medium Rollerball Pens, Try Gel Pens, Colored Pens, Office Supplies, Colorful Pens, Blue Pens Ballpoint Pens, Fine Point, Smooth Writing Pens"
B0188GLQXM,,,,,,,,,,,,,,,,,Delivery
B0188GP09I,,,,,,,,,,,,,,,,,Delivery
B018OQ6UDC,,,,,,,,,,,,,,,,,uni-ball 162545000 0.5 mm Nib UB-150 Eye Micro Rollerball Pen - Black (Pack of 12)
B018REJWUE,,,,,,,,,,,,,,,,,"
                                    "
B019PGH6CY,,,,,,,,,,,,,,,,,"
                                    "
B01AUX1YU6,,,,,,,,,,,,,,,,,"
                                    "
B019PGH6HY,,,,,,,,,,,,,,,,,"
                                    "
B01AVVKM00,,,,,,,,,,,,,,,,,"
                                    "
B01B3J1BBS,,,,,,,,,,,,,,,,,"
                                    "
B01B3J176C,,,,,,,,,,,,,,,,,"
                                    "
B01B3J1J6K,,,,,,,,,,,,,,,,,"
                                    "
B01B7XBEUI,,,,,,,,,,,,,,,,,"
                                    "
B01BNGT9WO,,,,,,,,,,,,,,,,,"
                                    "
B01B7XAO0O,,,,,,,,,,,,,,,,,"
                                    "
B01DMSS5W6,,,,,,,,,,,,,,,,,Delivery
B01F2JKYYU,,,,,,,,,,,,,,,,,How to return the item?
B01DBDUJ7G,,,,,,,,,,,,,,,,,"Uniball Jetstream Elements 5 Pack, 1.0mm Medium Black, Wirecutter Best Pen, Ballpoint Pens, Ballpoint Ink Pens | Office Supplies, Ballpoint Pen, Colored Pens, Fine Point, Smooth Writing Pens"
B01IQFTQS2,,,,,,,,,,,,,,,,,"
                                    "
B01FYY4TO4,,,,,,,,,,,,,,,,,"
                                    "
B01FHV8H4W,,,,,,,,,,,,,,,,,How to return the item?
B01F2KX6QW,,,,,,,,,,,,,,,,,"Uniball Vision Elite Roller Ball Pen, Blue Ink, Bold 5 Pens Per Order"
B01IQGPUO0,,,,,,,,,,,,,,,,,"
                                    "
B01FVWKSIU,,,,,,,,,,,,,,,,,"Uniball Kuru Toga Elite Mechanical Pencil Starter Kit with Silver Barrel and 0.5mm Tip, 60 Lead Refills, and 5 Pencil Eraser Refills, HB #2, Office Supplies, School Supplies, Drafting"
B01IQGVQMA,,,,,,,,,,,,,,,,,"
                                    "
B01JRHFQPK,,,,,,,,,,,,,,,,,"
                                    "
B01JB7D8QA,,,,,,,,,,,,,,,,,"
                                    "
B01JRHDYZ4,,,,,,,,,,,,,,,,,"
                                    "
B01L63A0YU,,,,,,,,,,,,,,,,,"
                                    "
B01L60LQ0U,,,,,,,,,,,,,,,,,"
                                    "
B01IVFFRI0,,,,,,,,,,,,,,,,,Delivery
B01LX8VLRT,,,,,,,,,,,,,,,,,"
                                    "
B01L62ZOYW,,,,,,,,,,,,,,,,,"
                                    "
B01M0OAG5P,,,,,,,,,,,,,,,,,"
                                    "
B01LYJWONC,,,,,,,,,,,,,,,,,"uniball Vision Elite Stick Bold Point Roller Ball, 6 Black Ink Pens (61102)"
B01MR6Z0XE,,,,,,,,,,,,,,,,,How to return the item?
B01MQT4YGB,,,,,,,,,,,,,,,,,How to return the item?
B01MA6JEF8,,,,,,,,,,,,,,,,,"Uni-Ball AIR Micro - 0.5mm Fine Rollerball - Pack of 6 Pens - 2 Black, 2 Blue and 2 Red (BusinessCollors), Packing may vary"
B01MR79BAB,,,,,,,,,,,,,,,,,"
                                    "
B01MR7UKC2,,,,,,,,,,,,,,,,,POSCA PC-1MR by Uni-Ball - [Pack of 3] Yellow
B01M4LUAMP,,,,,,,,,,,,,,,,,Uni-Ball AIR - 0.7mm Medium Rollerball - 6 Pack - Black - UBA-188-L
B01MR85C84,,,,,,,,,,,,,,,,,How to return the item?
B01MS8OWTB,,,,,,,,,,,,,,,,,"
                                    "
B01MS8OZJI,,,,,,,,,,,,,,,,,"
                                    "
B01MS8P02M,,,,,,,,,,,,,,,,,"
                                    "
B01MTA1O8J,,,,,,,,,,,,,,,,,"
                                    "
B01MS97IQF,,,,,,,,,,,,,,,,,"Uni Posca Medium Marker, Red (PC5M.15)"
B01MTACQNN,,,,,,,,,,,,,,,,,"Uni Posca Medium Marker, Red (PC5M.15)"
B01MUBYS6C,,,,,,,,,,,,,,,,,"
                                    "
B01MTATTWB,,,,,,,,,,,,,,,,,"Uni Posca Extra Bold Marker, Pink (PC17K.13)"
B01MTB5Z3N,,,,,,,,,,,,,,,,,3 kinds of Uni Posca 【WHITE】Paint Marker Pen Extra Fine 0.7mm / Fine Point 0.9-1.3mm / Medium Point 1.8-2.5mm & Our Shop Sticky note / VALUE SET!!!
B01MUCG8T8,,,,,,,,,,,,,,,,,"uni Posca Medium Marker, Brown (PC5M.21)"
B01MUCSK4A,,,,,,,,,,,,,,,,,Uni-Ball Uniball POSCA PC-1MR Ultra Fine Marker Pens THE SET OF 8 BEST SELLERS
B01MUCG8BO,,,,,,,,,,,,,,,,,"Uni Posca Medium Marker, Green (PC5M.6), 1 Count (Pack of 1)"
B01MY981MQ,,,,,,,,,,,,,,,,,POSCA PC-1M by Uni-Ball - White [Pack of 3]
B01MZB2K7A,,,,,,,,,,,,,,,,,POSCA PC-5M by Uni-Ball - [Pack of 3] Aqua Green
B01N12713U,,,,,,,,,,,,,,,,,POSCA PC-3m by Uni-Ball - [Pack of 3] Khaki Green
B01MYA0RF4,,,,,,,,,,,,,,,,,3 kinds of Uni Posca 【WHITE】Paint Marker Pen Extra Fine 0.7mm / Fine Point 0.9-1.3mm / Medium Point 1.8-2.5mm & Our Shop Sticky note / VALUE SET!!!
B01N127VUD,,,,,,,,,,,,,,,,,POSCA PC-5M by Uni-Ball - Red
B01N246PE2,,,,,,,,,,,,,,,,,"
                                    "
B01N12OW2T,,,,,,,,,,,,,,,,,"Uni Posca 3 Gold Paint Markers = 3 Different Point Sizes per Pack: PC-1M(0.7 mm), 3M(0.9~1.3 mm), 5M(1.8~2.5 mm)"
B01N35745N,,,,,,,,,,,,,,,,,"
                                    "
B01N356HHL,,,,,,,,,,,,,,,,,"
                                    "
B01N35SAZW,,,,,,,,,,,,,,,,,"
                                    "
B01N357Q25,,,,,,,,,,,,,,,,,POSCA PC-5M by Uni-Ball - [Pack of 3] Red
B01N2QZI5O,,,,,,,,,,,,,,,,,"Uni-Ball Signo 207 Retractable Gel Pen, 0.5mm Micro Point, Blue, Pack of 6"
B01N5QM0WP,,,,,,,,,,,,,,,,,POSCA PC-3m by Uni-Ball - [Pack of 3] Dark Red
B01N4Q7XE7,,,,,,,,,,,,,,,,,"Uni Posca Paint Marker Pen PC-5M , Medium Point, White Ink, Value Set of 3"
B01N5R0TI6,,,,,,,,,,,,,,,,,"
                                    "
B01N6SQ9HP,,,,,,,,,,,,,,,,,Uni POSCA - PC-3M Art Paint Markers - Set of 4 - In Plastic Wallet - Warm Neutrals Tones
B01N6SI55X,,,,,,,,,,,,,,,,,"Uni Posca 3 Gold Paint Markers = 3 Different Point Sizes per Pack: PC-1M(0.7 mm), 3M(0.9~1.3 mm), 5M(1.8~2.5 mm)"
B01N6SMYN7,,,,,,,,,,,,,,,,,"Uni Posca Yellow Water Based, Non Toxic Paint Pen Marker for Marking Queen Bees Safely with a Yellow Dot"
B01N7FOZH5,,,,,,,,,,,,,,,,,"
                                    "
B01N6ZE42N,,,,,,,,,,,,,,,,,"Uni-ball Signo RT1 Retractable Gel Ink Pen, Ultra Micro Point 0.28mm, Rubber Grip, Black Ink, UMN-155-28, Value Set of 5"
B01N7THPED,,,,,,,,,,,,,,,,,"
                                    "
B01N7TRJXX,,,,,,,,,,,,,,,,,How to return the item?
B01N9URD13,,,,,,,,,,,,,,,,,"
                                    "
B01N9THCFY,,,,,,,,,,,,,,,,,"
                                    "
B01N7SC6SR,,,,,,,,,,,,,,,,,"Uni ball Signo UM153 Whit,Gold,Silver Gel Inc Pen,1.0mm,set of 3 with our original ball point pen"
B01N9SZ2BK,,,,,,,,,,,,,,,,,POSCA PC-3m by Uni-Ball - [Pack of 3] Navy Blue
B01NAV7BR6,,,,,,,,,,,,,,,,,"
                                    "
B01NBVZUOM,,,,,,,,,,,,,,,,,"
                                    "
B01NBW1DHD,,,,,,,,,,,,,,,,,"
                                    "
B01NBW0RT6,,,,,,,,,,,,,,,,,uni-ball Posca Paint Marker
B01NBWBE4R,,,,,,,,,,,,,,,,,"uni Posca Fine Marker, Orange (PC3M.4), 1 Count (Pack of 1)"
B01NBWPSKU,,,,,,,,,,,,,,,,,How to return the item?
B01NBWIZES,,,,,,,,,,,,,,,,,"uni Posca Medium Marker, Brown (PC5M.21)"
B01NBW92SX,,,,,,,,,,,,,,,,,How to return the item?
B06X6GGMVZ,,,,,,,,,,,,,,,,,"
                                    "
B01NCXU2D5,,,,,,,,,,,,,,,,,"Uni Posca Medium Marker, Green (PC5M.6), 1 Count (Pack of 1)"
B06XW7VSHZ,,,,,,,,,,,,,,,,,"
                                    "
B06XFY5RSB,,,,,,,,,,,,,,,,,"
                                    "
B06XW8782P,,,,,,,,,,,,,,,,,"
                                    "
B06ZYB27RK,,,,,,,,,,,,,,,,,"
                                    "
B06XX4Y5P7,,,,,,,,,,,,,,,,,"
                                    "
B06Y65PFZX,,,,,,,,,,,,,,,,,"
                                    "
B06ZZGBJNR,,,,,,,,,,,,,,,,,"
                                    "
B07212Z3HR,,,,,,,,,,,,,,,,,"
                                    "
B06ZZQZMLF,,,,,,,,,,,,,,,,,"
                                    "
B06ZYB2952,,,,,,,,,,,,,,,,,"
                                    "
B06Y3S2XKL,,,,,,,,,,,,,,,,,"Uni-ball Signo RT1 Retractable Gel Ink Pen, Ultra Micro Point 0.28mm, Rubber Grip, UMN-155-28, 10 Color Value Set"
B073XQN1DJ,,,,,,,,,,,,,,,,,"
                                    "
B0748CTDHX,,,,,,,,,,,,,,,,,"
                                    "
B0748B8L65,,,,,,,,,,,,,,,,,"
                                    "
B073RVSXHM,,,,,,,,,,,,,,,,,"
                                    "
B074CNRGKT,,,,,,,,,,,,,,,,,"
                                    "
B073XRS1ZL,,,,,,,,,,,,,,,,,Delivery
B0748VDV6F,,,,,,,,,,,,,,,,,Delivery
B073XZ844Y,,,,,,,,,,,,,,,,,How to return the item?
B074CNRTL6,,,,,,,,,,,,,,,,,"
                                    "
B074LQ2QFT,,,,,,,,,,,,,,,,,"
                                    "
B074LPYFV5,,,,,,,,,,,,,,,,,"
                                    "
B0752X9QXJ,,,,,,,,,,,,,,,,,Uni-ball 65941 Signo Gel RT Roller Ball Retractable Gel Pen Blue Ink Medium Dozen
B07576RRVF,,,,,,,,,,,,,,,,,"
                                    "
B0757BBVZF,,,,,,,,,,,,,,,,,"
                                    "
B0757GCMQF,,,,,,,,,,,,,,,,,"
                                    "
B0757BBVZD,,,,,,,,,,,,,,,,,"Uniball Gelstick Gel Pen 12 Pack, 0.7mm Medium Assorted Pens, Gel Ink Pens | Office Supplies Sold by Uniball are Pens, Ballpoint Pen, Colored Pens, Gel Pens, Fine Point, Smooth Writing Pens"
B075NKVWLL,,,,,,,,,,,,,,,,,"
                                    "
B0757KTHHT,,,,,,,,,,,,,,,,,"
                                    "
B077XQH62M,,,,,,,,,,,,,,,,,"
                                    "
B0777P8Z95,,,,,,,,,,,,,,,,,"
                                    "
B07655WCL9,,,,,,,,,,,,,,,,,"Uniball Vision Elite Rollerball Pens, Assorted Pens Pack of 8, Micro Pens with 0.5mm Ink, Ink Black Pen, Pens Fine Point Smooth Writing Pens, Bulk Pens, and Office Supplies"
B075Y211Y7,,,,,,,,,,,,,,,,,How to return this item:
B077XNBC33,,,,,,,,,,,,,,,,,"
                                    "
B07B2X6X67,,,,,,,,,,,,,,,,,"
                                    "
B078SYVK4D,,,,,,,,,,,,,,,,,"Posca Marker 5M in Pink, Posca Pens for Art Supplies, School Supplies, Rock Art, Fabric Paint, Fabric Markers, Paint Pen, Art Markers, Posca Paint Markers"
B0797FSP33,,,,,,,,,,,,,,,,,uni-ball 61257 Signo Gel 207 Roller Ball Retractable Gel Pen Red Ink Micro Fine Dozen
B07F3T5H3W,,,,,,,,,,,,,,,,,"
                                    "
B07DWKG9MS,,,,,,,,,,,,,,,,,"
                                    "
B07CT9VYPN,,,,,,,,,,,,,,,,,"
                                    "
B07BSNH6N5,,,,,,,,,,,,,,,,,"Uni-Ball AIR Micro - 0.5mm Fine Rollerball - Pack of 6 Pens - 2 Black, 2 Blue and 2 Red (BusinessCollors), Packing may vary"
B07DQR8ZMH,,,,,,,,,,,,,,,,,"Uniball Vision Elite Rollerball Pens, Black Pens Pack of 12, Bold Pens with 0.8mm Ink, Ink Black Pen, Pens Fine Point Smooth Writing Pens, Bulk Pens, and Office Supplies"
B07G4HL42J,,,,,,,,,,,,,,,,,"
                                    "
B07G8LBW86,,,,,,,,,,,,,,,,,"
                                    "
B07G8NH613,,,,,,,,,,,,,,,,,"
                                    "
B07FM9NBM8,,,,,,,,,,,,,,,,,"Uni-Ball AIR Micro - 0.5mm Fine Rollerball - Pack of 6 Pens - 2 Black, 2 Blue and 2 Red (BusinessCollors), Packing may vary"
B07G9NPSZY,,,,,,,,,,,,,,,,,"
                                    "
B07FP418GN,,,,,,,,,,,,,,,,,"Uni-ball Signo Gel Ink Pen, Black, 0.38mm, Pack of 10"
B07G8MYMMJ,,,,,,,,,,,,,,,,,Delivery
B07H38YY2H,,,,,,,,,,,,,,,,,"
                                    "
B07HB7TXLJ,,,,,,,,,,,,,,,,,"
                                    "
B07K7RFHGH,,,,,,,,,,,,,,,,,"
                                    "
B07KMJP1P2,,,,,,,,,,,,,,,,,"
                                    "
B07HBPS3CX,,,,,,,,,,,,,,,,,How to return the item?
B07MXN2KBP,,,,,,,,,,,,,,,,,"
                                    "
B07MXK7CK2,,,,,,,,,,,,,,,,,"
                                    "
B07MXNK558,,,,,,,,,,,,,,,,,"
                                    "
B07MXPMQNT,,,,,,,,,,,,,,,,,"
                                    "
B07MXPMWCS,,,,,,,,,,,,,,,,,"
                                    "
B07KQR1Y28,,,,,,,,,,,,,,,,,How to return the item?
B07NRYZVWB,,,,,,,,,,,,,,,,,"
                                    "
B07NTG3RDD,,,,,,,,,,,,,,,,,"
                                    "
B07NTG44KK,,,,,,,,,,,,,,,,,"
                                    "
B07NVGLX6C,,,,,,,,,,,,,,,,,"
                                    "
B07NTG3K8M,,,,,,,,,,,,,,,,,"
                                    "
B07PRWFGLD,,,,,,,,,,,,,,,,,"
                                    "
B07PPPVYQR,,,,,,,,,,,,,,,,,"
                                    "
B07Q4Q5YQJ,,,,,,,,,,,,,,,,,"
                                    "
B07RZPCGRW,,,,,,,,,,,,,,,,,"
                                    "
B07PRZ368Z,,,,,,,,,,,,,,,,,"
                                    "
B07QDPMZDB,,,,,,,,,,,,,,,,, 
B07S1S58RN,,,,,,,,,,,,,,,,,"
                                    "
B07S1S9QFY,,,,,,,,,,,,,,,,,"
                                    "
B07TFLHTVH,,,,,,,,,,,,,,,,,"
                                    "
B07S6GYS7S,,,,,,,,,,,,,,,,,"
                                    "
B07TK6H58F,,,,,,,,,,,,,,,,,"
                                    "
B07SS4YQ9S,,,,,,,,,,,,,,,,,"
                                    "
B07V1PHCRN,,,,,,,,,,,,,,,,,"
                                    "
B07TXXBJ24,,,,,,,,,,,,,,,,,"
                                    "
B07VBK37LK,,,,,,,,,,,,,,,,,"
                                    "
B07VS375PP,,,,,,,,,,,,,,,,,"
                                    "
B07VGKPF5X,,,,,,,,,,,,,,,,,"
                                    "
B07VY7XDB2,,,,,,,,,,,,,,,,,"
                                    "
B07V48D88L,,,,,,,,,,,,,,,,,"Uni-Ball UM 153 Signo Broad Point Gel Pen - White - Pack of 3, Limited Edition"
B07VS4RPPK,,,,,,,,,,,,,,,,,"Uniball Vision Rollerball Black Pens Pack of 4, Fine Point Pens with 0.7mm Medium Black Ink, Ink Black Pen, Smooth Writing Bulk Pens, and Office Supplies"
B07WKJHRN9,,,,,,,,,,,,,,,,,"
                                    "
B07Y3B3PNM,,,,,,,,,,,,,,,,,"
                                    "
B07WH9Q194,,,,,,,,,,,,,,,,,"
                                    "
B07YCQF7L5,,,,,,,,,,,,,,,,,"
                                    "
B082Y7QB9H,,,,,,,,,,,,,,,,,"
                                    "
B07ZZGTX88,,,,,,,,,,,,,,,,,"
                                    "
B07Z2R7TKK,,,,,,,,,,,,,,,,,"
                                    "
B082Y7NBKL,,,,,,,,,,,,,,,,,"
                                    "
B082Y8DQYV,,,,,,,,,,,,,,,,,"
                                    "
B07ZQQYNLC,,,,,,,,,,,,,,,,,Uni-Ball AIR Micro - 0.5mm Fine Rollerball - Blue Ink - Assorted Barrels - 5 Pack
B082Y8R78T,,,,,,,,,,,,,,,,,"
                                    "
B0857HCB2N,,,,,,,,,,,,,,,,,"
                                    "
B08483LGWR,,,,,,,,,,,,,,,,,"
                                    "
B0849LK84C,,,,,,,,,,,,,,,,,"
                                    "
B084BP2429,,,,,,,,,,,,,,,,,"
                                    "
B084HHJWSY,,,,,,,,,,,,,,,,,"
                                    "
B087H7FX4X,,,,,,,,,,,,,,,,,"
                                    "
B0851Y8TJL,,,,,,,,,,,,,,,,,"Uniball One Gel Pen 12 Pack, 0.38mm Ultra Micro Black Pens, Gel Ink Pens | Office Supplies Sold by Uniball are Pens, Ballpoint Pen, Colored Pens, Gel Pens, Fine Point, Smooth Writing Pens"
B085T1Y6TM,,,,,,,,,,,,,,,,,"
                                    "
B085S61PXJ,,,,,,,,,,,,,,,,,$6.94
B0885CBY2X,,,,,,,,,,,,,,,,,"
                                    "
B089QC2C8G,,,,,,,,,,,,,,,,,Delivery
B082Y7XVKS,,,,,,,,,,,,,,,,,"
                                    "
B08D6VDWJP,,,,,,,,,,,,,,,,,"
                                    "
B089QSN7FX,,,,,,,,,,,,,,,,,$8.12
B089QTHF38,,,,,,,,,,,,,,,,,"Uniball Vision Elite Rollerball Pens, Assorted Pens Pack of 8, Bold Pens with 0.8mm Ink, Ink Black Pen, Pens Fine Point Smooth Writing Pens, Bulk Pens, and Office Supplies"
B08DL6RMQJ,,,,,,,,,,,,,,,,,"
                                    "
B08N5J6Z68,,,,,,,,,,,,,,,,,"
                                    "
B089QTSR4Y,,,,,,,,,,,,,,,,,"Uni-ball uniball Chroma Mechanical Pencil Woth Leasd and Eraser Refills, 0.7 Mm, Hb (#2), Black Lead, Assorted Barrel Colors, 4/Set"
B089QV1VY9,,,,,,,,,,,,,,,,,"uni-ball Kuru Toga Mechanical Pencil with 0.7 mm Lead Refills & Pencil Erasers, HB #2"
B08N5KJTDV,,,,,,,,,,,,,,,,,"
                                    "
B08N5M1GX3,,,,,,,,,,,,,,,,,"
                                    "
B08LYD4K23,,,,,,,,,,,,,,,,,"Uniball One Gel Pen 12 Pack, 0.38mm Ultra Micro Black Pens, Gel Ink Pens | Office Supplies Sold by Uniball are Pens, Ballpoint Pen, Colored Pens, Gel Pens, Fine Point, Smooth Writing Pens"
B08NFM8NYD,,,,,,,,,,,,,,,,,"
                                    "
B08NFZ3RMW,,,,,,,,,,,,,,,,,"
                                    "
B08NFZM6H8,,,,,,,,,,,,,,,,,"
                                    "
B08NGX3RWK,,,,,,,,,,,,,,,,,"
                                    "
B08NG3R9CT,,,,,,,,,,,,,,,,,"
                                    "
B08PF487TX,,,,,,,,,,,,,,,,,"
                                    "
B08SK4TXHY,,,,,,,,,,,,,,,,,"
                                    "
B08PF5FDP7,,,,,,,,,,,,,,,,,"
                                    "
B08PF55DTK,,,,,,,,,,,,,,,,,"
                                    "
B08T7JG6LV,,,,,,,,,,,,,,,,,"
                                    "
B08TSQH3N4,,,,,,,,,,,,,,,,,"
                                    "
B08TSQDS5B,,,,,,,,,,,,,,,,,"
                                    "
B08VG6LFLQ,,,,,,,,,,,,,,,,,"
                                    "
B08TW1DH23,,,,,,,,,,,,,,,,,"
                                    "
B08VG76QPN,,,,,,,,,,,,,,,,,"
                                    "
B08VG7BW5P,,,,,,,,,,,,,,,,,"
                                    "
B08VY8MJV2,,,,,,,,,,,,,,,,,"
                                    "
B08VYTBQ1G,,,,,,,,,,,,,,,,,"
                                    "
B08VY8Y8C4,,,,,,,,,,,,,,,,,"
                                    "
B08VY9T38G,,,,,,,,,,,,,,,,,"
                                    "
B08WKTVDT2,,,,,,,,,,,,,,,,,"
                                    "
B08WKVL2VY,,,,,,,,,,,,,,,,,"
                                    "
B08WKWYCQ4,,,,,,,,,,,,,,,,,"
                                    "
B08X6F429S,,,,,,,,,,,,,,,,,"
                                    "
B08XQX3PRZ,,,,,,,,,,,,,,,,,"
                                    "
B09326S1DP,,,,,,,,,,,,,,,,,"
                                    "
B093Q982DP,,,,,,,,,,,,,,,,,"
                                    "
B093TNYF9Y,,,,,,,,,,,,,,,,,"
                                    "
B08XY7GM6H,,,,,,,,,,,,,,,,,"Uniball Signo 207 Impact RT Retractable Gel Pen, 2 Count(Pack of 1) 1.0mm Bold Point Gel Pens| Office Supplies by Uni-ball like Ink Pens, Colored Pens, Fine Point, Smooth Writing Pens, Ballpoint Pens"
B093TWKS4P,,,,,,,,,,,,,,,,,"
                                    "
B08ZN6DNF7,,,,,,,,,,,,,,,,,"Uni Ball One, Gel Ink 0.38mm Ballpoint Pen, 8 Colors Set (UMNS388C)"
B09485VJRP,,,,,,,,,,,,,,,,,"
                                    "
B08ZSJV4K3,,,,,,,,,,,,,,,,,How to return the item?
B095M2C1TH,,,,,,,,,,,,,,,,,"
                                    "
B094DKTFPB,,,,,,,,,,,,,,,,,"
                                    "
B095VY27DM,,,,,,,,,,,,,,,,,"
                                    "
B097B2DTP8,,,,,,,,,,,,,,,,,"
                                    "
B096W5P61R,,,,,,,,,,,,,,,,,"
                                    "
B095TDC1NB,,,,,,,,,,,,,,,,,"
                                    "
B095VCVM69,,,,,,,,,,,,,,,,,"
                                    "
B095WFQWJD,,,,,,,,,,,,,,,,,"
                                    "
B097QCKJ5D,,,,,,,,,,,,,,,,,"
                                    "
B097FCQPR3,,,,,,,,,,,,,,,,,"
                                    "
B097FCK7ZJ,,,,,,,,,,,,,,,,,"
                                    "
B0987W8SR3,,,,,,,,,,,,,,,,,"
                                    "
B098QLF2C1,,,,,,,,,,,,,,,,,"
                                    "
B098RTJDVR,,,,,,,,,,,,,,,,,"
                                    "
B0988BWFJ2,,,,,,,,,,,,,,,,,"
                                    "
B09BBPBMVC,,,,,,,,,,,,,,,,,"
                                    "
B098F16KQ1,,,,,,,,,,,,,,,,,"Uniball Jetstream RT 3 Pack, 1.0mm Medium Assorted, Wirecutter Best Pen, Ballpoint Pens, Ballpoint Ink Pens | Office Supplies, Pens, Ballpoint Pen, Colored Pens, Fine Point, Smooth Writing Pens"
B09C99XTZR,,,,,,,,,,,,,,,,,"
                                    "
B09BBR2ZFJ,,,,,,,,,,,,,,,,,"
                                    "
B09CVQXBSB,,,,,,,,,,,,,,,,,"
                                    "
B09CZHM99X,,,,,,,,,,,,,,,,,"
                                    "
B09DJ979H5,,,,,,,,,,,,,,,,,"
                                    "
B09CZCVR76,,,,,,,,,,,,,,,,,"Uniball Jetstream RT 3 Pack, 0.7mm Fine Black, Wirecutter Best Pen, Ballpoint Pens, Ballpoint Ink Pens | Office Supplies, Pens, Ballpoint Pen, Colored Pens, Fine Point, Smooth Writing Pens"
B09DJLF88N,,,,,,,,,,,,,,,,,"
                                    "
B09DJNHV14,,,,,,,,,,,,,,,,,"
                                    "
B09FQQ6TSN,,,,,,,,,,,,,,,,,"
                                    "
B09FQN499N,,,,,,,,,,,,,,,,,"
                                    "
B09G8ZXF8C,,,,,,,,,,,,,,,,,"
                                    "
B09HVQKQHF,,,,,,,,,,,,,,,,,"
                                    "
B09HWL57SG,,,,,,,,,,,,,,,,,"
                                    "
B09J9J6L9B,,,,,,,,,,,,,,,,,"
                                    "
B09GSQ3KX9,,,,,,,,,,,,,,,,,"
                                    "
B09JTH7G3P,,,,,,,,,,,,,,,,,"
                                    "
B09JZSJ6ZH,,,,,,,,,,,,,,,,,"
                                    "
B09JQ46FHD,,,,,,,,,,,,,,,,,"Uniball One Gel Pen 12 Pack, 0.38mm Ultra Micro Black Pens, Gel Ink Pens | Office Supplies Sold by Uniball are Pens, Ballpoint Pen, Colored Pens, Gel Pens, Fine Point, Smooth Writing Pens"
B09JQHHMJD,,,,,,,,,,,,,,,,,"Uniball One Gel Pen 12 Pack, 0.5mm Micro Black Pens, Gel Ink Pens | Office Supplies Sold by Uniball are Pens, Ballpoint Pen, Colored Pens, Gel Pens, Fine Point, Smooth Writing Pens"
B09KMY8LB7,,,,,,,,,,,,,,,,,"
                                    "
B09K6FNQ3Y,,,,,,,,,,,,,,,,,"Uni Ball One, Gel Ink 0.38mm Ballpoint Pen, 8 Colors Set (UMNS388C)"
B09LP7CKPY,,,,,,,,,,,,,,,,,"
                                    "
B09NL75YVM,,,,,,,,,,,,,,,,,"
                                    "
B09XDSYMV1,,,,,,,,,,,,,,,,,"
                                    "
B09K6FS7C1,,,,,,,,,,,,,,,,,How to return the item?
B09ZJYPGR3,,,,,,,,,,,,,,,,,$7.99
B09ZJCPDJ5,,,,,,,,,,,,,,,,,$20.86
B0B32P2JQW,,,,,,,,,,,,,,,,,"
                                    "
B09ZJQ9YF4,,,,,,,,,,,,,,,,,$15.70
B0B4BGZ584,,,,,,,,,,,,,,,,,uni-ball 40110 Signo Gel 207 Roller Ball Retractable Gel Pen Assorted Ink Medium 8/Set
B09ZJC3GTZ,,,,,,,,,,,,,,,,,"Uniball One Gel Pen 5 Pack, 0.7mm Ultra Medium Business Pens, Gel Ink Pens | Office Supplies Sold by Uniball are Pens, Ballpoint Pen, Colored Pens, Gel Pens, Fine Point, Smooth Writing Pens"
B0B4WNZHS6,,,,,,,,,,,,,,,,,"
                                    "
B09ZK13551,,,,,,,,,,,,,,,,,"Uni Ball One, Gel Ink 0.38mm Ballpoint Pen, 8 Colors Set (UMNS388C)"
B0B4BJR5X3,,,,,,,,,,,,,,,,,"Uniball Signo 207 Gel Pen 12 Pack, 0.7mm Medium Black Pens, Ink Pens | Office Supplies Sold by are Ballpoint Pen, Colored Fine Point, Smooth Writing"
B0B5NWR6HN,,,,,,,,,,,,,,,,,"
                                    "
B0B6D3JDJG,,,,,,,,,,,,,,,,,"
                                    "
B0B6CZQBW9,,,,,,,,,,,,,,,,,"Uniball Vision Needle Rollerball Pens, Assorted Pens Pack of 8, Fine Point Pens with 0.7mm Ink, Ink Black Pen, Pens Fine Point Smooth Writing Pens, Bulk Pens, and Office Supplies"
B0B6D4TR35,,,,,,,,,,,,,,,,,"
                                    "
B0B6D8R6HH,,,,,,,,,,,,,,,,,"
                                    "
B0B6D5VQW2,,,,,,,,,,,,,,,,,"
                                    "
B0B6D7N36T,,,,,,,,,,,,,,,,,"
                                    "
B0B6D92JSB,,,,,,,,,,,,,,,,,"
                                    "
B0B6H2TVF5,,,,,,,,,,,,,,,,,"
                                    "
B0B6DSYJ2K,,,,,,,,,,,,,,,,,"
                                    "
B0B6H3S8JJ,,,,,,,,,,,,,,,,,"
                                    "
B0B6H5D3DN,,,,,,,,,,,,,,,,,"
                                    "
B0B6PBDMZZ,,,,,,,,,,,,,,,,,"
                                    "
B0B6H6PVBC,,,,,,,,,,,,,,,,,"
                                    "
B0B6H6PK43,,,,,,,,,,,,,,,,,"
                                    "
B0B6H78F75,,,,,,,,,,,,,,,,,"
                                    "
B0B6H6CL6Z,,,,,,,,,,,,,,,,,"
                                    "
B0B6RT7L1C,,,,,,,,,,,,,,,,,"
                                    "
B0B6RTVZH6,,,,,,,,,,,,,,,,,"
                                    "
B0B8BB6J88,,,,,,,,,,,,,,,,,"
                                    "
B0B6RWPP97,,,,,,,,,,,,,,,,,"
                                    "
B0B6RTYWVL,,,,,,,,,,,,,,,,,"
                                    "
B0B6RWZJ5Z,,,,,,,,,,,,,,,,,"
                                    "
B0B8BG14QS,,,,,,,,,,,,,,,,,"
                                    "
B0B6RZJNSM,,,,,,,,,,,,,,,,,"
                                    "
B0B6RXTR4H,,,,,,,,,,,,,,,,,"
                                    "
B0B8BTVBDC,,,,,,,,,,,,,,,,,"
                                    "
B0B8BG3F3T,,,,,,,,,,,,,,,,,"
                                    "
B0BCJ3NJBX,,,,,,,,,,,,,,,,,"
                                    "
B0B9QLXXNV,,,,,,,,,,,,,,,,,"
                                    "
B0BCHZXCRT,,,,,,,,,,,,,,,,,"
                                    "
B0B9BNNBPJ,,,,,,,,,,,,,,,,,"uni-ball Signo Retractable Gel Pens, Ultra Micro Point, 0.38mm, Blue, 6 Count"
B0BCJ5R93P,,,,,,,,,,,,,,,,,"
                                    "
B0BCZX8D9Y,,,,,,,,,,,,,,,,,"
                                    "
B0BCQ3ZYMQ,,,,,,,,,,,,,,,,,"
                                    "
B0BDJHD2DT,,,,,,,,,,,,,,,,,"
                                    "
B0BDJK1HDN,,,,,,,,,,,,,,,,,"
                                    "
B0BDJCMV6S,,,,,,,,,,,,,,,,,"
                                    "
B0BDSS8ZRM,,,,,,,,,,,,,,,,,"
                                    "
B0BDJD2TGH,,,,,,,,,,,,,,,,,"
                                    "
B0BHMWLPN5,,,,,,,,,,,,,,,,,"
                                    "
B0BHMX73MT,,,,,,,,,,,,,,,,,"
                                    "
B0BFB9C8SS,,,,,,,,,,,,,,,,,"12 Posca Paint Markers, 1M Markers with Extra Fine Tips, Posca Marker Set of Acrylic Paint Pens | for Art Supplies, Fabric Paint, Markers for Art"
B0BKB4DJNL,,,,,,,,,,,,,,,,,"
                                    "
B0BJW7DWCP,,,,,,,,,,,,,,,,,"
                                    "
B0BJW2LJF4,,,,,,,,,,,,,,,,,"
                                    "
B0BJW238NM,,,,,,,,,,,,,,,,,"
                                    "
B0BKBKRNX1,,,,,,,,,,,,,,,,,"
                                    "
B0BKBKRYYQ,,,,,,,,,,,,,,,,,"
                                    "
B0BKBKWKZ3,,,,,,,,,,,,,,,,,"
                                    "
B0BKBKSYKQ,,,,,,,,,,,,,,,,,"uni-ball 207 BLX Infusion Retractable Gel Pens, Medium Point (0.7mm), Assorted Colors, 5 Count"
B0BKCGHHBW,,,,,,,,,,,,,,,,,"
                                    "
B0BKCCKLP7,,,,,,,,,,,,,,,,,"
                                    "
B0B6H659CL,,,,,,,,,,,,,,,,,"
                                    "
B0BNNZHRS1,,,,,,,,,,,,,,,,,"
                                    "
B0BKC1ZL63,,,,,,,,,,,,,,,,,"
                                    "
B0BLMH5KR9,,,,,,,,,,,,,,,,,"Uni Ball One, Gel Ink 0.38mm Ballpoint Pen, 8 Colors Set (UMNS388C)"
B0BR9WT7Q7,,,,,,,,,,,,,,,,,"
                                    "
B0BQ1SVF8R,,,,,,,,,,,,,,,,,"
                                    "
B0BQ1QZKJS,,,,,,,,,,,,,,,,,"
                                    "
B0BSQZFHRF,,,,,,,,,,,,,,,,,"
                                    "
B0BSX1GRW2,,,,,,,,,,,,,,,,,"
                                    "
B0BRBLT8R5,,,,,,,,,,,,,,,,,"
                                    "
B0BVF67FJH,,,,,,,,,,,,,,,,,"
                                    "
B0BX74P62X,,,,,,,,,,,,,,,,,"
                                    "
B0BWPJ61MB,,,,,,,,,,,,,,,,,"
                                    "
B0BT7DR6MW,,,,,,,,,,,,,,,,,"
                                    "
B0BZTCS98D,,,,,,,,,,,,,,,,,"
                                    "
B0BZWJH7GP,,,,,,,,,,,,,,,,,"
                                    "
B0BZWJYHKK,,,,,,,,,,,,,,,,,"
                                    "
B0BZZXSDTD,,,,,,,,,,,,,,,,,"
                                    "
B0BZH9YXDX,,,,,,,,,,,,,,,,,"Uni Ball One, Gel Ink 0.38mm Ballpoint Pen, 8 Colors Set (UMNS388C)"
B0BZHD973D,,,,,,,,,,,,,,,,,"Uni Ball One, Gel Ink 0.38mm Ballpoint Pen, 8 Colors Set (UMNS388C)"
B0BZWQHZX7,,,,,,,,,,,,,,,,,"
                                    "
B0C17V2G9F,,,,,,,,,,,,,,,,,"
                                    "
B0BZWJW293,,,,,,,,,,,,,,,,,"
                                    "
B0C2GBPX1Y,,,,,,,,,,,,,,,,,"
                                    "
B0C2V4VGX6,,,,,,,,,,,,,,,,,"
                                    "
B0C28NXRTC,,,,,,,,,,,,,,,,,"
                                    "
B0C2ZSG2BR,,,,,,,,,,,,,,,,,"
                                    "
B0C2ZQFMCC,,,,,,,,,,,,,,,,,"
                                    "
B0C4K32JZH,,,,,,,,,,,,,,,,,"
                                    "
B0C82Q97L4,,,,,,,,,,,,,,,,,"
                                    "
B0CCSZTDFY,,,,,,,,,,,,,,,,,"
                                    "
B0C82QCN2P,,,,,,,,,,,,,,,,,"
                                    "
B0C8ZP6R2T,,,,,,,,,,,,,,,,,"
                                    "
B0C8ZQL6K9,,,,,,,,,,,,,,,,,"
                                    "
B0CCSZRRRN,,,,,,,,,,,,,,,,,"uni-ball AIR Rollerball Pens, Fine Point (0.7mm), Blue, 3 Count"
B0CCSZVLG9,,,,,,,,,,,,,,,,,"Uni-Ball Vision Elite Stick Micro Point Rollerball Pens, 0.5mm (12)"
B0CCT1DL61,,,,,,,,,,,,,,,,,"
                                    "
B0CCT1JD3X,,,,,,,,,,,,,,,,,"
                                    "
B0CCT1JCZ4,,,,,,,,,,,,,,,,,"uni-ball Vision Rollerball Pens, Fine Point (0.7mm), Black, 2 Count"
B0CCT1DL86,,,,,,,,,,,,,,,,,"uni-ball KuruToga Mechanical Pencil, 0.5mm, HB #2, 1 Count"
B0CCT1PWXV,,,,,,,,,,,,,,,,,"uni-ball 207 Retractable Gel Pens, Bold Point (1.0mm), Blue, 24 Count"
B0CCT1ZKTX,,,,,,,,,,,,,,,,,"
                                    "
B0CCT1R5SF,,,,,,,,,,,,,,,,,"uni-ball Vision Rollerball Pens, Fine Point (0.7mm), Black, 2 Count"
B0CCT1R5PN,,,,,,,,,,,,,,,,,"uni-ball Vision Rollerball Pens, Fine Point (0.7mm), Black, 2 Count"
B0CCT227N8,,,,,,,,,,,,,,,,,"
                                    "
B0CCT2VNGY,,,,,,,,,,,,,,,,,"Uni-Ball 33929PP uni-ball Jetstream Ballpoint Pens, Bold Point (1.0mm), Blue, 3 Count"
B0CCT2Z3VL,,,,,,,,,,,,,,,,,"
                                    "
B0CCT3LZFD,,,,,,,,,,,,,,,,,"Uni-Ball 207 Plus+ Retractable Gel Pens, Medium Point (0.7mm), Black, 36 Count"
B0CCT36W82,,,,,,,,,,,,,,,,,"
                                    "
B0CCT2KTTS,,,,,,,,,,,,,,,,,"Uni-Ball 33929PP uni-ball Jetstream Ballpoint Pens, Bold Point (1.0mm), Blue, 3 Count"
B0CCT3PYS3,,,,,,,,,,,,,,,,,"uni-ball Vision Rollerball Pens, Fine Point (0.7mm), Black, 2 Count"
